record_id,document_type,image_filename,doc_date,organization_or_store,category,total_amount,payment_method,respondent_dept,satisfaction_score,usability_score,speed_score,handwritten_note,has_noise,is_low_resolution,expected_ocr_text,required_ocr_fields
R-0048,receipt,data/input_images/receipts/receipt_048_R-0048.jpg,2026-05-18,업무자동화카페,인쇄제본,95150,개인카드,,,,,프로젝트 자료,False,False,상호명 업무자동화카페; 일자 2026-05-18; 합계금액 95150; 수기메모 프로젝트 자료,"상호명, 일자, 합계금액, 수기메모"
S-0052,survey,data/input_images/surveys/survey_052_S-0052.jpg,2026-03-11,,만족도설문,,,기획팀,5,5,1,데이터 보정 기능 좋음,True,True,응답일 2026-03-11; 부서 기획팀; 전체만족도 5; 사용편의성 5; 응답속도 1; 추천의향 5; 수기의견 데이터 보정 기능 좋음,"응답일, 부서, 전체만족도, 사용편의성, 응답속도, 수기의견"
R-0055,receipt,data/input_images/receipts/receipt_055_R-0055.jpg,2026-03-19,업무자동화카페,인쇄제본,91300,현금,,,,,대시보드 검토,False,True,상호명 업무자동화카페; 일자 2026-03-19; 합계금액 91300; 수기메모 대시보드 검토,"상호명, 일자, 합계금액, 수기메모"
S-0044,survey,data/input_images/surveys/survey_044_S-0044.jpg,2026-06-09,,만족도설문,,,데이터팀,2,3,5,이미지 업로드 편리,True,False,응답일 2026-06-09; 부서 데이터팀; 전체만족도 2; 사용편의성 3; 응답속도 5; 추천의향 4; 수기의견 이미지 업로드 편리,"응답일, 부서, 전체만족도, 사용편의성, 응답속도, 수기의견"
R-0107,receipt,data/input_images/receipts/receipt_107_R-0107.jpg,2026-03-30,스마트오피스,클라우드서비스,89100,개인카드,,,,,실습 준비용,False,False,상호명 스마트오피스; 일자 2026-03-30; 합계금액 89100; 수기메모 실습 준비용,"상호명, 일자, 합계금액, 수기메모"
R-0111,receipt,data/input_images/receipts/receipt_111_R-0111.jpg,2026-04-08,테크문구,사무용품,140250,개인카드,,,,,대시보드 검토,False,True,상호명 테크문구; 일자 2026-04-08; 합계금액 140250; 수기메모 대시보드 검토,"상호명, 일자, 합계금액, 수기메모"
S-0033,survey,data/input_images/surveys/survey_033_S-0033.jpg,2026-07-09,,만족도설문,,,교육팀,5,5,3,보고서 자동화 유용,False,False,응답일 2026-07-09; 부서 교육팀; 전체만족도 5; 사용편의성 5; 응답속도 3; 추천의향 2; 수기의견 보고서 자동화 유용,"응답일, 부서, 전체만족도, 사용편의성, 응답속도, 수기의견"
R-0069,receipt,data/input_images/receipts/receipt_069_R-0069.jpg,2026-07-03,테크문구,클라우드서비스,191950,현금,,,,,현장 실습비,True,False,상호명 테크문구; 일자 2026-07-03; 합계금액 191950; 수기메모 현장 실습비,"상호명, 일자, 합계금액, 수기메모"
R-0087,receipt,data/input_images/receipts/receipt_087_R-0087.jpg,2026-06-05,업무자동화카페,교육운영,254650,개인카드,,,,,대시보드 검토,False,False,상호명 업무자동화카페; 일자 2026-06-05; 합계금액 254650; 수기메모 대시보드 검토,"상호명, 일자, 합계금액, 수기메모"
R-0119,receipt,data/input_images/receipts/receipt_119_R-0119.jpg,2026-06-27,모두카페,인쇄제본,80300,계좌이체,,,,,프로젝트 자료,False,False,상호명 모두카페; 일자 2026-06-27; 합계금액 80300; 수기메모 프로젝트 자료,"상호명, 일자, 합계금액, 수기메모"
S-0109,survey,data/input_images/surveys/survey_109_S-0109.jpg,2026-04-14,,만족도설문,,,운영팀,4,4,2,속도 개선 필요,False,False,응답일 2026-04-14; 부서 운영팀; 전체만족도 4; 사용편의성 4; 응답속도 2; 추천의향 3; 수기의견 속도 개선 필요,"응답일, 부서, 전체만족도, 사용편의성, 응답속도, 수기의견"
R-0005,receipt,data/input_images/receipts/receipt_005_R-0005.jpg,2026-05-14,모두카페,클라우드서비스,202950,개인카드,,,,,실습 준비용,False,False,상호명 모두카페; 일자 2026-05-14; 합계금액 202950; 수기메모 실습 준비용,"상호명, 일자, 합계금액, 수기메모"
S-0117,survey,data/input_images/surveys/survey_117_S-0117.jpg,2026-03-12,,만족도설문,,,재무팀,5,5,3,데이터 보정 기능 좋음,False,False,응답일 2026-03-12; 부서 재무팀; 전체만족도 5; 사용편의성 5; 응답속도 3; 추천의향 3; 수기의견 데이터 보정 기능 좋음,"응답일, 부서, 전체만족도, 사용편의성, 응답속도, 수기의견"
S-0020,survey,data/input_images/surveys/survey_020_S-0020.jpg,2026-04-16,,만족도설문,,,인사팀,2,2,1,입력 절차가 간단함,False,False,응답일 2026-04-16; 부서 인사팀; 전체만족도 2; 사용편의성 2; 응답속도 1; 추천의향 4; 수기의견 입력 절차가 간단함,"응답일, 부서, 전체만족도, 사용편의성, 응답속도, 수기의견"
R-0093,receipt,data/input_images/receipts/receipt_093_R-0093.jpg,2026-06-16,업무자동화카페,인쇄제본,163900,개인카드,,,,,프로젝트 자료,False,True,상호명 업무자동화카페; 일자 2026-06-16; 합계금액 163900; 수기메모 프로젝트 자료,"상호명, 일자, 합계금액, 수기메모"
R-0105,receipt,data/input_images/receipts/receipt_105_R-0105.jpg,2026-04-28,모두카페,도서자료,126500,법인카드,,,,,팀 회의 사용,False,False,상호명 모두카페; 일자 2026-04-28; 합계금액 126500; 수기메모 팀 회의 사용,"상호명, 일자, 합계금액, 수기메모"
S-0096,survey,data/input_images/surveys/survey_096_S-0096.jpg,2026-03-19,,만족도설문,,,재무팀,2,2,4,입력 절차가 간단함,False,False,응답일 2026-03-19; 부서 재무팀; 전체만족도 2; 사용편의성 2; 응답속도 4; 추천의향 2; 수기의견 입력 절차가 간단함,"응답일, 부서, 전체만족도, 사용편의성, 응답속도, 수기의견"
S-0097,survey,data/input_images/surveys/survey_097_S-0097.jpg,2026-04-30,,만족도설문,,,영업팀,4,2,4,이미지 업로드 편리,True,False,응답일 2026-04-30; 부서 영업팀; 전체만족도 4; 사용편의성 2; 응답속도 4; 추천의향 2; 수기의견 이미지 업로드 편리,"응답일, 부서, 전체만족도, 사용편의성, 응답속도, 수기의견"
S-0115,survey,data/input_images/surveys/survey_115_S-0115.jpg,2026-05-10,,만족도설문,,,데이터팀,5,2,4,데이터 보정 기능 좋음,False,False,응답일 2026-05-10; 부서 데이터팀; 전체만족도 5; 사용편의성 2; 응답속도 4; 추천의향 3; 수기의견 데이터 보정 기능 좋음,"응답일, 부서, 전체만족도, 사용편의성, 응답속도, 수기의견"
R-0057,receipt,data/input_images/receipts/receipt_057_R-0057.jpg,2026-05-15,업무자동화카페,사무용품,320100,개인카드,,,,,현장 실습비,False,True,상호명 업무자동화카페; 일자 2026-05-15; 합계금액 320100; 수기메모 현장 실습비,"상호명, 일자, 합계금액, 수기메모"
R-0056,receipt,data/input_images/receipts/receipt_056_R-0056.jpg,2026-04-12,데이터랩서점,도서자료,64350,현금,,,,,현장 실습비,True,False,상호명 데이터랩서점; 일자 2026-04-12; 합계금액 64350; 수기메모 현장 실습비,"상호명, 일자, 합계금액, 수기메모"
R-0078,receipt,data/input_images/receipts/receipt_078_R-0078.jpg,2026-04-01,클라우드문구,인쇄제본,206800,현금,,,,,프로젝트 자료,False,False,상호명 클라우드문구; 일자 2026-04-01; 합계금액 206800; 수기메모 프로젝트 자료,"상호명, 일자, 합계금액, 수기메모"
S-0106,survey,data/input_images/surveys/survey_106_S-0106.jpg,2026-05-19,,만족도설문,,,기획팀,5,3,2,대시보드가 보기 쉬움,False,False,응답일 2026-05-19; 부서 기획팀; 전체만족도 5; 사용편의성 3; 응답속도 2; 추천의향 4; 수기의견 대시보드가 보기 쉬움,"응답일, 부서, 전체만족도, 사용편의성, 응답속도, 수기의견"
R-0072,receipt,data/input_images/receipts/receipt_072_R-0072.jpg,2026-05-09,서울프린트,교육운영,305250,현금,,,,,현장 실습비,False,False,상호명 서울프린트; 일자 2026-05-09; 합계금액 305250; 수기메모 현장 실습비,"상호명, 일자, 합계금액, 수기메모"
S-0064,survey,data/input_images/surveys/survey_064_S-0064.jpg,2026-04-06,,만족도설문,,,운영팀,4,3,5,메뉴 구성이 좋음,False,False,응답일 2026-04-06; 부서 운영팀; 전체만족도 4; 사용편의성 3; 응답속도 5; 추천의향 5; 수기의견 메뉴 구성이 좋음,"응답일, 부서, 전체만족도, 사용편의성, 응답속도, 수기의견"
R-0115,receipt,data/input_images/receipts/receipt_115_R-0115.jpg,2026-05-10,AI세미나센터,클라우드서비스,142450,법인카드,,,,,프로젝트 자료,True,False,상호명 AI세미나센터; 일자 2026-05-10; 합계금액 142450; 수기메모 프로젝트 자료,"상호명, 일자, 합계금액, 수기메모"
S-0013,survey,data/input_images/surveys/survey_013_S-0013.jpg,2026-05-20,,만족도설문,,,재무팀,5,5,3,보고서 자동화 유용,False,False,응답일 2026-05-20; 부서 재무팀; 전체만족도 5; 사용편의성 5; 응답속도 3; 추천의향 3; 수기의견 보고서 자동화 유용,"응답일, 부서, 전체만족도, 사용편의성, 응답속도, 수기의견"
R-0070,receipt,data/input_images/receipts/receipt_070_R-0070.jpg,2026-05-28,그린오피스,사무용품,91300,현금,,,,,대시보드 검토,False,False,상호명 그린오피스; 일자 2026-05-28; 합계금액 91300; 수기메모 대시보드 검토,"상호명, 일자, 합계금액, 수기메모"
R-0024,receipt,data/input_images/receipts/receipt_024_R-0024.jpg,2026-06-28,업무자동화카페,회의비,240350,법인카드,,,,,운영비 처리,True,False,상호명 업무자동화카페; 일자 2026-06-28; 합계금액 240350; 수기메모 운영비 처리,"상호명, 일자, 합계금액, 수기메모"
S-0037,survey,data/input_images/surveys/survey_037_S-0037.jpg,2026-05-31,,만족도설문,,,교육팀,3,4,3,속도 개선 필요,True,False,응답일 2026-05-31; 부서 교육팀; 전체만족도 3; 사용편의성 4; 응답속도 3; 추천의향 2; 수기의견 속도 개선 필요,"응답일, 부서, 전체만족도, 사용편의성, 응답속도, 수기의견"
R-0052,receipt,data/input_images/receipts/receipt_052_R-0052.jpg,2026-03-03,서울프린트,사무용품,135300,현금,,,,,실습 준비용,False,False,상호명 서울프린트; 일자 2026-03-03; 합계금액 135300; 수기메모 실습 준비용,"상호명, 일자, 합계금액, 수기메모"
R-0011,receipt,data/input_images/receipts/receipt_011_R-0011.jpg,2026-04-01,모두카페,사무용품,167750,계좌이체,,,,,프로젝트 자료,False,False,상호명 모두카페; 일자 2026-04-01; 합계금액 167750; 수기메모 프로젝트 자료,"상호명, 일자, 합계금액, 수기메모"
R-0053,receipt,data/input_images/receipts/receipt_053_R-0053.jpg,2026-05-24,서울프린트,인쇄제본,150700,법인카드,,,,,프로젝트 자료,False,False,상호명 서울프린트; 일자 2026-05-24; 합계금액 150700; 수기메모 프로젝트 자료,"상호명, 일자, 합계금액, 수기메모"
R-0026,receipt,data/input_images/receipts/receipt_026_R-0026.jpg,2026-03-29,스마트오피스,인쇄제본,183700,법인카드,,,,,OCR 테스트용,False,False,상호명 스마트오피스; 일자 2026-03-29; 합계금액 183700; 수기메모 OCR 테스트용,"상호명, 일자, 합계금액, 수기메모"
S-0092,survey,data/input_images/surveys/survey_092_S-0092.jpg,2026-06-17,,만족도설문,,,마케팅팀,2,2,3,보고서 자동화 유용,False,True,응답일 2026-06-17; 부서 마케팅팀; 전체만족도 2; 사용편의성 2; 응답속도 3; 추천의향 5; 수기의견 보고서 자동화 유용,"응답일, 부서, 전체만족도, 사용편의성, 응답속도, 수기의견"
R-0062,receipt,data/input_images/receipts/receipt_062_R-0062.jpg,2026-05-22,데이터랩서점,회의비,77000,개인카드,,,,,프로젝트 자료,True,False,상호명 데이터랩서점; 일자 2026-05-22; 합계금액 77000; 수기메모 프로젝트 자료,"상호명, 일자, 합계금액, 수기메모"
R-0010,receipt,data/input_images/receipts/receipt_010_R-0010.jpg,2026-05-08,데이터랩서점,인쇄제본,152900,현금,,,,,OCR 테스트용,False,True,상호명 데이터랩서점; 일자 2026-05-08; 합계금액 152900; 수기메모 OCR 테스트용,"상호명, 일자, 합계금액, 수기메모"
R-0117,receipt,data/input_images/receipts/receipt_117_R-0117.jpg,2026-06-29,스마트오피스,사무용품,220550,법인카드,,,,,현장 실습비,False,True,상호명 스마트오피스; 일자 2026-06-29; 합계금액 220550; 수기메모 현장 실습비,"상호명, 일자, 합계금액, 수기메모"
S-0027,survey,data/input_images/surveys/survey_027_S-0027.jpg,2026-04-13,,만족도설문,,,마케팅팀,4,5,5,데이터 보정 기능 좋음,False,False,응답일 2026-04-13; 부서 마케팅팀; 전체만족도 4; 사용편의성 5; 응답속도 5; 추천의향 4; 수기의견 데이터 보정 기능 좋음,"응답일, 부서, 전체만족도, 사용편의성, 응답속도, 수기의견"
S-0104,survey,data/input_images/surveys/survey_104_S-0104.jpg,2026-04-26,,만족도설문,,,마케팅팀,5,2,5,데이터 보정 기능 좋음,False,False,응답일 2026-04-26; 부서 마케팅팀; 전체만족도 5; 사용편의성 2; 응답속도 5; 추천의향 2; 수기의견 데이터 보정 기능 좋음,"응답일, 부서, 전체만족도, 사용편의성, 응답속도, 수기의견"
S-0045,survey,data/input_images/surveys/survey_045_S-0045.jpg,2026-06-25,,만족도설문,,,데이터팀,3,5,3,모바일 화면 개선,False,False,응답일 2026-06-25; 부서 데이터팀; 전체만족도 3; 사용편의성 5; 응답속도 3; 추천의향 3; 수기의견 모바일 화면 개선,"응답일, 부서, 전체만족도, 사용편의성, 응답속도, 수기의견"
R-0106,receipt,data/input_images/receipts/receipt_106_R-0106.jpg,2026-06-25,AI세미나센터,클라우드서비스,86350,계좌이체,,,,,현장 실습비,False,False,상호명 AI세미나센터; 일자 2026-06-25; 합계금액 86350; 수기메모 현장 실습비,"상호명, 일자, 합계금액, 수기메모"
R-0044,receipt,data/input_images/receipts/receipt_044_R-0044.jpg,2026-06-02,모두카페,도서자료,224950,법인카드,,,,,실습 준비용,False,False,상호명 모두카페; 일자 2026-06-02; 합계금액 224950; 수기메모 실습 준비용,"상호명, 일자, 합계금액, 수기메모"
S-0062,survey,data/input_images/surveys/survey_062_S-0062.jpg,2026-05-22,,만족도설문,,,교육팀,5,2,5,메뉴 구성이 좋음,False,False,응답일 2026-05-22; 부서 교육팀; 전체만족도 5; 사용편의성 2; 응답속도 5; 추천의향 5; 수기의견 메뉴 구성이 좋음,"응답일, 부서, 전체만족도, 사용편의성, 응답속도, 수기의견"
R-0086,receipt,data/input_images/receipts/receipt_086_R-0086.jpg,2026-03-17,업무자동화카페,사무용품,180400,법인카드,,,,,OCR 테스트용,False,False,상호명 업무자동화카페; 일자 2026-03-17; 합계금액 180400; 수기메모 OCR 테스트용,"상호명, 일자, 합계금액, 수기메모"
R-0027,receipt,data/input_images/receipts/receipt_027_R-0027.jpg,2026-04-01,데이터랩서점,인쇄제본,85250,개인카드,,,,,교육자료 준비,False,False,상호명 데이터랩서점; 일자 2026-04-01; 합계금액 85250; 수기메모 교육자료 준비,"상호명, 일자, 합계금액, 수기메모"
S-0099,survey,data/input_images/surveys/survey_099_S-0099.jpg,2026-05-21,,만족도설문,,,운영팀,3,2,5,차트 설명이 필요함,False,False,응답일 2026-05-21; 부서 운영팀; 전체만족도 3; 사용편의성 2; 응답속도 5; 추천의향 5; 수기의견 차트 설명이 필요함,"응답일, 부서, 전체만족도, 사용편의성, 응답속도, 수기의견"
R-0058,receipt,data/input_images/receipts/receipt_058_R-0058.jpg,2026-03-31,데이터랩서점,교육운영,68750,계좌이체,,,,,팀 회의 사용,True,False,상호명 데이터랩서점; 일자 2026-03-31; 합계금액 68750; 수기메모 팀 회의 사용,"상호명, 일자, 합계금액, 수기메모"
R-0112,receipt,data/input_images/receipts/receipt_112_R-0112.jpg,2026-04-28,디지털스캔샵,사무용품,206250,법인카드,,,,,교육자료 준비,False,False,상호명 디지털스캔샵; 일자 2026-04-28; 합계금액 206250; 수기메모 교육자료 준비,"상호명, 일자, 합계금액, 수기메모"
S-0095,survey,data/input_images/surveys/survey_095_S-0095.jpg,2026-04-09,,만족도설문,,,운영팀,2,5,1,속도 개선 필요,True,True,응답일 2026-04-09; 부서 운영팀; 전체만족도 2; 사용편의성 5; 응답속도 1; 추천의향 4; 수기의견 속도 개선 필요,"응답일, 부서, 전체만족도, 사용편의성, 응답속도, 수기의견"
S-0036,survey,data/input_images/surveys/survey_036_S-0036.jpg,2026-05-20,,만족도설문,,,기획팀,4,4,1,차트 설명이 필요함,False,False,응답일 2026-05-20; 부서 기획팀; 전체만족도 4; 사용편의성 4; 응답속도 1; 추천의향 2; 수기의견 차트 설명이 필요함,"응답일, 부서, 전체만족도, 사용편의성, 응답속도, 수기의견"
S-0024,survey,data/input_images/surveys/survey_024_S-0024.jpg,2026-05-18,,만족도설문,,,교육팀,5,4,2,데이터 보정 기능 좋음,True,False,응답일 2026-05-18; 부서 교육팀; 전체만족도 5; 사용편의성 4; 응답속도 2; 추천의향 3; 수기의견 데이터 보정 기능 좋음,"응답일, 부서, 전체만족도, 사용편의성, 응답속도, 수기의견"
R-0063,receipt,data/input_images/receipts/receipt_063_R-0063.jpg,2026-07-07,서울프린트,회의비,165550,계좌이체,,,,,현장 실습비,False,True,상호명 서울프린트; 일자 2026-07-07; 합계금액 165550; 수기메모 현장 실습비,"상호명, 일자, 합계금액, 수기메모"
R-0101,receipt,data/input_images/receipts/receipt_101_R-0101.jpg,2026-03-06,테크문구,클라우드서비스,128150,법인카드,,,,,현장 실습비,True,False,상호명 테크문구; 일자 2026-03-06; 합계금액 128150; 수기메모 현장 실습비,"상호명, 일자, 합계금액, 수기메모"
S-0111,survey,data/input_images/surveys/survey_111_S-0111.jpg,2026-05-28,,만족도설문,,,교육팀,5,3,5,이미지 업로드 편리,True,False,응답일 2026-05-28; 부서 교육팀; 전체만족도 5; 사용편의성 3; 응답속도 5; 추천의향 3; 수기의견 이미지 업로드 편리,"응답일, 부서, 전체만족도, 사용편의성, 응답속도, 수기의견"
R-0066,receipt,data/input_images/receipts/receipt_066_R-0066.jpg,2026-04-24,스마트오피스,클라우드서비스,125400,법인카드,,,,,OCR 테스트용,True,False,상호명 스마트오피스; 일자 2026-04-24; 합계금액 125400; 수기메모 OCR 테스트용,"상호명, 일자, 합계금액, 수기메모"
S-0082,survey,data/input_images/surveys/survey_082_S-0082.jpg,2026-04-20,,만족도설문,,,운영팀,5,4,3,모바일 화면 개선,False,False,응답일 2026-04-20; 부서 운영팀; 전체만족도 5; 사용편의성 4; 응답속도 3; 추천의향 2; 수기의견 모바일 화면 개선,"응답일, 부서, 전체만족도, 사용편의성, 응답속도, 수기의견"
R-0097,receipt,data/input_images/receipts/receipt_097_R-0097.jpg,2026-04-25,클라우드문구,회의비,146850,계좌이체,,,,,실습 준비용,True,False,상호명 클라우드문구; 일자 2026-04-25; 합계금액 146850; 수기메모 실습 준비용,"상호명, 일자, 합계금액, 수기메모"
S-0057,survey,data/input_images/surveys/survey_057_S-0057.jpg,2026-06-23,,만족도설문,,,재무팀,3,2,3,대시보드가 보기 쉬움,False,True,응답일 2026-06-23; 부서 재무팀; 전체만족도 3; 사용편의성 2; 응답속도 3; 추천의향 4; 수기의견 대시보드가 보기 쉬움,"응답일, 부서, 전체만족도, 사용편의성, 응답속도, 수기의견"
R-0041,receipt,data/input_images/receipts/receipt_041_R-0041.jpg,2026-05-06,스마트오피스,클라우드서비스,149050,현금,,,,,OCR 테스트용,False,False,상호명 스마트오피스; 일자 2026-05-06; 합계금액 149050; 수기메모 OCR 테스트용,"상호명, 일자, 합계금액, 수기메모"
S-0056,survey,data/input_images/surveys/survey_056_S-0056.jpg,2026-06-24,,만족도설문,,,교육팀,4,4,2,속도 개선 필요,True,True,응답일 2026-06-24; 부서 교육팀; 전체만족도 4; 사용편의성 4; 응답속도 2; 추천의향 5; 수기의견 속도 개선 필요,"응답일, 부서, 전체만족도, 사용편의성, 응답속도, 수기의견"
R-0098,receipt,data/input_images/receipts/receipt_098_R-0098.jpg,2026-06-16,그린오피스,회의비,92400,개인카드,,,,,실습 준비용,False,False,상호명 그린오피스; 일자 2026-06-16; 합계금액 92400; 수기메모 실습 준비용,"상호명, 일자, 합계금액, 수기메모"
S-0086,survey,data/input_images/surveys/survey_086_S-0086.jpg,2026-04-22,,만족도설문,,,재무팀,2,5,4,OCR 결과 확인 필요,False,True,응답일 2026-04-22; 부서 재무팀; 전체만족도 2; 사용편의성 5; 응답속도 4; 추천의향 3; 수기의견 OCR 결과 확인 필요,"응답일, 부서, 전체만족도, 사용편의성, 응답속도, 수기의견"
S-0040,survey,data/input_images/surveys/survey_040_S-0040.jpg,2026-05-07,,만족도설문,,,운영팀,3,5,5,데이터 보정 기능 좋음,False,False,응답일 2026-05-07; 부서 운영팀; 전체만족도 3; 사용편의성 5; 응답속도 5; 추천의향 3; 수기의견 데이터 보정 기능 좋음,"응답일, 부서, 전체만족도, 사용편의성, 응답속도, 수기의견"
S-0053,survey,data/input_images/surveys/survey_053_S-0053.jpg,2026-04-26,,만족도설문,,,기획팀,5,3,5,보고서 자동화 유용,True,False,응답일 2026-04-26; 부서 기획팀; 전체만족도 5; 사용편의성 3; 응답속도 5; 추천의향 3; 수기의견 보고서 자동화 유용,"응답일, 부서, 전체만족도, 사용편의성, 응답속도, 수기의견"
R-0079,receipt,data/input_images/receipts/receipt_079_R-0079.jpg,2026-06-12,스마트오피스,도서자료,140250,법인카드,,,,,운영비 처리,False,True,상호명 스마트오피스; 일자 2026-06-12; 합계금액 140250; 수기메모 운영비 처리,"상호명, 일자, 합계금액, 수기메모"
S-0060,survey,data/input_images/surveys/survey_060_S-0060.jpg,2026-05-11,,만족도설문,,,데이터팀,3,3,5,이미지 업로드 편리,False,False,응답일 2026-05-11; 부서 데이터팀; 전체만족도 3; 사용편의성 3; 응답속도 5; 추천의향 5; 수기의견 이미지 업로드 편리,"응답일, 부서, 전체만족도, 사용편의성, 응답속도, 수기의견"
R-0090,receipt,data/input_images/receipts/receipt_090_R-0090.jpg,2026-03-22,업무자동화카페,도서자료,187000,현금,,,,,교육자료 준비,False,False,상호명 업무자동화카페; 일자 2026-03-22; 합계금액 187000; 수기메모 교육자료 준비,"상호명, 일자, 합계금액, 수기메모"
R-0051,receipt,data/input_images/receipts/receipt_051_R-0051.jpg,2026-03-22,스마트오피스,인쇄제본,128700,법인카드,,,,,실습 준비용,False,False,상호명 스마트오피스; 일자 2026-03-22; 합계금액 128700; 수기메모 실습 준비용,"상호명, 일자, 합계금액, 수기메모"
S-0055,survey,data/input_images/surveys/survey_055_S-0055.jpg,2026-07-09,,만족도설문,,,기획팀,3,2,5,속도 개선 필요,False,False,응답일 2026-07-09; 부서 기획팀; 전체만족도 3; 사용편의성 2; 응답속도 5; 추천의향 4; 수기의견 속도 개선 필요,"응답일, 부서, 전체만족도, 사용편의성, 응답속도, 수기의견"
S-0080,survey,data/input_images/surveys/survey_080_S-0080.jpg,2026-05-10,,만족도설문,,,데이터팀,2,3,3,대시보드가 보기 쉬움,False,False,응답일 2026-05-10; 부서 데이터팀; 전체만족도 2; 사용편의성 3; 응답속도 3; 추천의향 2; 수기의견 대시보드가 보기 쉬움,"응답일, 부서, 전체만족도, 사용편의성, 응답속도, 수기의견"
S-0110,survey,data/input_images/surveys/survey_110_S-0110.jpg,2026-03-06,,만족도설문,,,데이터팀,5,3,3,입력 절차가 간단함,False,False,응답일 2026-03-06; 부서 데이터팀; 전체만족도 5; 사용편의성 3; 응답속도 3; 추천의향 3; 수기의견 입력 절차가 간단함,"응답일, 부서, 전체만족도, 사용편의성, 응답속도, 수기의견"
R-0014,receipt,data/input_images/receipts/receipt_014_R-0014.jpg,2026-03-14,디지털스캔샵,사무용품,147400,현금,,,,,실습 준비용,False,False,상호명 디지털스캔샵; 일자 2026-03-14; 합계금액 147400; 수기메모 실습 준비용,"상호명, 일자, 합계금액, 수기메모"
R-0032,receipt,data/input_images/receipts/receipt_032_R-0032.jpg,2026-05-24,그린오피스,교육운영,315150,계좌이체,,,,,OCR 테스트용,False,False,상호명 그린오피스; 일자 2026-05-24; 합계금액 315150; 수기메모 OCR 테스트용,"상호명, 일자, 합계금액, 수기메모"
S-0001,survey,data/input_images/surveys/survey_001_S-0001.jpg,2026-03-10,,만족도설문,,,영업팀,3,5,1,이미지 업로드 편리,False,False,응답일 2026-03-10; 부서 영업팀; 전체만족도 3; 사용편의성 5; 응답속도 1; 추천의향 3; 수기의견 이미지 업로드 편리,"응답일, 부서, 전체만족도, 사용편의성, 응답속도, 수기의견"
S-0002,survey,data/input_images/surveys/survey_002_S-0002.jpg,2026-06-29,,만족도설문,,,인사팀,4,5,4,대시보드가 보기 쉬움,False,False,응답일 2026-06-29; 부서 인사팀; 전체만족도 4; 사용편의성 5; 응답속도 4; 추천의향 3; 수기의견 대시보드가 보기 쉬움,"응답일, 부서, 전체만족도, 사용편의성, 응답속도, 수기의견"
S-0108,survey,data/input_images/surveys/survey_108_S-0108.jpg,2026-05-25,,만족도설문,,,재무팀,5,2,3,차트 설명이 필요함,False,True,응답일 2026-05-25; 부서 재무팀; 전체만족도 5; 사용편의성 2; 응답속도 3; 추천의향 5; 수기의견 차트 설명이 필요함,"응답일, 부서, 전체만족도, 사용편의성, 응답속도, 수기의견"
R-0092,receipt,data/input_images/receipts/receipt_092_R-0092.jpg,2026-05-09,데이터랩서점,인쇄제본,281050,법인카드,,,,,팀 회의 사용,False,False,상호명 데이터랩서점; 일자 2026-05-09; 합계금액 281050; 수기메모 팀 회의 사용,"상호명, 일자, 합계금액, 수기메모"
R-0083,receipt,data/input_images/receipts/receipt_083_R-0083.jpg,2026-03-04,AI세미나센터,사무용품,230450,개인카드,,,,,팀 회의 사용,False,False,상호명 AI세미나센터; 일자 2026-03-04; 합계금액 230450; 수기메모 팀 회의 사용,"상호명, 일자, 합계금액, 수기메모"
R-0110,receipt,data/input_images/receipts/receipt_110_R-0110.jpg,2026-06-21,스마트오피스,도서자료,48950,개인카드,,,,,팀 회의 사용,False,True,상호명 스마트오피스; 일자 2026-06-21; 합계금액 48950; 수기메모 팀 회의 사용,"상호명, 일자, 합계금액, 수기메모"
R-0065,receipt,data/input_images/receipts/receipt_065_R-0065.jpg,2026-03-14,테크문구,교육운영,334400,현금,,,,,실습 준비용,True,False,상호명 테크문구; 일자 2026-03-14; 합계금액 334400; 수기메모 실습 준비용,"상호명, 일자, 합계금액, 수기메모"
S-0090,survey,data/input_images/surveys/survey_090_S-0090.jpg,2026-06-16,,만족도설문,,,재무팀,4,3,4,모바일 화면 개선,False,False,응답일 2026-06-16; 부서 재무팀; 전체만족도 4; 사용편의성 3; 응답속도 4; 추천의향 3; 수기의견 모바일 화면 개선,"응답일, 부서, 전체만족도, 사용편의성, 응답속도, 수기의견"
R-0017,receipt,data/input_images/receipts/receipt_017_R-0017.jpg,2026-05-04,서울프린트,사무용품,111650,현금,,,,,교육자료 준비,False,False,상호명 서울프린트; 일자 2026-05-04; 합계금액 111650; 수기메모 교육자료 준비,"상호명, 일자, 합계금액, 수기메모"
S-0019,survey,data/input_images/surveys/survey_019_S-0019.jpg,2026-04-24,,만족도설문,,,재무팀,4,5,2,이미지 업로드 편리,True,False,응답일 2026-04-24; 부서 재무팀; 전체만족도 4; 사용편의성 5; 응답속도 2; 추천의향 5; 수기의견 이미지 업로드 편리,"응답일, 부서, 전체만족도, 사용편의성, 응답속도, 수기의견"
S-0039,survey,data/input_images/surveys/survey_039_S-0039.jpg,2026-06-09,,만족도설문,,,재무팀,2,5,2,모바일 화면 개선,False,True,응답일 2026-06-09; 부서 재무팀; 전체만족도 2; 사용편의성 5; 응답속도 2; 추천의향 2; 수기의견 모바일 화면 개선,"응답일, 부서, 전체만족도, 사용편의성, 응답속도, 수기의견"
S-0102,survey,data/input_images/surveys/survey_102_S-0102.jpg,2026-05-11,,만족도설문,,,데이터팀,4,5,5,OCR 결과 확인 필요,False,True,응답일 2026-05-11; 부서 데이터팀; 전체만족도 4; 사용편의성 5; 응답속도 5; 추천의향 4; 수기의견 OCR 결과 확인 필요,"응답일, 부서, 전체만족도, 사용편의성, 응답속도, 수기의견"
R-0031,receipt,data/input_images/receipts/receipt_031_R-0031.jpg,2026-04-25,모두카페,도서자료,19800,개인카드,,,,,대시보드 검토,False,False,상호명 모두카페; 일자 2026-04-25; 합계금액 19800; 수기메모 대시보드 검토,"상호명, 일자, 합계금액, 수기메모"
R-0036,receipt,data/input_images/receipts/receipt_036_R-0036.jpg,2026-04-19,클라우드문구,도서자료,147400,법인카드,,,,,대시보드 검토,False,False,상호명 클라우드문구; 일자 2026-04-19; 합계금액 147400; 수기메모 대시보드 검토,"상호명, 일자, 합계금액, 수기메모"
R-0082,receipt,data/input_images/receipts/receipt_082_R-0082.jpg,2026-05-27,클라우드문구,교육운영,188100,계좌이체,,,,,현장 실습비,False,False,상호명 클라우드문구; 일자 2026-05-27; 합계금액 188100; 수기메모 현장 실습비,"상호명, 일자, 합계금액, 수기메모"
R-0015,receipt,data/input_images/receipts/receipt_015_R-0015.jpg,2026-03-16,클라우드문구,인쇄제본,243100,계좌이체,,,,,교육자료 준비,True,False,상호명 클라우드문구; 일자 2026-03-16; 합계금액 243100; 수기메모 교육자료 준비,"상호명, 일자, 합계금액, 수기메모"
R-0113,receipt,data/input_images/receipts/receipt_113_R-0113.jpg,2026-05-25,스마트오피스,사무용품,146300,개인카드,,,,,프로젝트 자료,False,False,상호명 스마트오피스; 일자 2026-05-25; 합계금액 146300; 수기메모 프로젝트 자료,"상호명, 일자, 합계금액, 수기메모"
S-0015,survey,data/input_images/surveys/survey_015_S-0015.jpg,2026-04-27,,만족도설문,,,인사팀,3,5,3,입력 절차가 간단함,True,False,응답일 2026-04-27; 부서 인사팀; 전체만족도 3; 사용편의성 5; 응답속도 3; 추천의향 3; 수기의견 입력 절차가 간단함,"응답일, 부서, 전체만족도, 사용편의성, 응답속도, 수기의견"
S-0050,survey,data/input_images/surveys/survey_050_S-0050.jpg,2026-04-28,,만족도설문,,,데이터팀,2,2,2,이미지 업로드 편리,True,True,응답일 2026-04-28; 부서 데이터팀; 전체만족도 2; 사용편의성 2; 응답속도 2; 추천의향 4; 수기의견 이미지 업로드 편리,"응답일, 부서, 전체만족도, 사용편의성, 응답속도, 수기의견"
S-0029,survey,data/input_images/surveys/survey_029_S-0029.jpg,2026-05-23,,만족도설문,,,영업팀,4,3,3,보고서 자동화 유용,True,False,응답일 2026-05-23; 부서 영업팀; 전체만족도 4; 사용편의성 3; 응답속도 3; 추천의향 2; 수기의견 보고서 자동화 유용,"응답일, 부서, 전체만족도, 사용편의성, 응답속도, 수기의견"
S-0070,survey,data/input_images/surveys/survey_070_S-0070.jpg,2026-06-21,,만족도설문,,,인사팀,5,4,3,보고서 자동화 유용,False,False,응답일 2026-06-21; 부서 인사팀; 전체만족도 5; 사용편의성 4; 응답속도 3; 추천의향 3; 수기의견 보고서 자동화 유용,"응답일, 부서, 전체만족도, 사용편의성, 응답속도, 수기의견"
S-0021,survey,data/input_images/surveys/survey_021_S-0021.jpg,2026-05-10,,만족도설문,,,마케팅팀,4,3,1,데이터 보정 기능 좋음,False,False,응답일 2026-05-10; 부서 마케팅팀; 전체만족도 4; 사용편의성 3; 응답속도 1; 추천의향 4; 수기의견 데이터 보정 기능 좋음,"응답일, 부서, 전체만족도, 사용편의성, 응답속도, 수기의견"
R-0080,receipt,data/input_images/receipts/receipt_080_R-0080.jpg,2026-04-22,그린오피스,도서자료,91300,현금,,,,,교육자료 준비,False,False,상호명 그린오피스; 일자 2026-04-22; 합계금액 91300; 수기메모 교육자료 준비,"상호명, 일자, 합계금액, 수기메모"
S-0038,survey,data/input_images/surveys/survey_038_S-0038.jpg,2026-04-20,,만족도설문,,,영업팀,4,2,5,입력 절차가 간단함,False,False,응답일 2026-04-20; 부서 영업팀; 전체만족도 4; 사용편의성 2; 응답속도 5; 추천의향 2; 수기의견 입력 절차가 간단함,"응답일, 부서, 전체만족도, 사용편의성, 응답속도, 수기의견"
R-0029,receipt,data/input_images/receipts/receipt_029_R-0029.jpg,2026-05-18,데이터랩서점,인쇄제본,183150,개인카드,,,,,실습 준비용,False,False,상호명 데이터랩서점; 일자 2026-05-18; 합계금액 183150; 수기메모 실습 준비용,"상호명, 일자, 합계금액, 수기메모"
R-0054,receipt,data/input_images/receipts/receipt_054_R-0054.jpg,2026-06-15,스마트오피스,클라우드서비스,160050,법인카드,,,,,현장 실습비,False,False,상호명 스마트오피스; 일자 2026-06-15; 합계금액 160050; 수기메모 현장 실습비,"상호명, 일자, 합계금액, 수기메모"
R-0002,receipt,data/input_images/receipts/receipt_002_R-0002.jpg,2026-07-02,스마트오피스,교육운영,193600,법인카드,,,,,실습 준비용,True,True,상호명 스마트오피스; 일자 2026-07-02; 합계금액 193600; 수기메모 실습 준비용,"상호명, 일자, 합계금액, 수기메모"
R-0034,receipt,data/input_images/receipts/receipt_034_R-0034.jpg,2026-04-13,스마트오피스,인쇄제본,255750,현금,,,,,실습 준비용,False,False,상호명 스마트오피스; 일자 2026-04-13; 합계금액 255750; 수기메모 실습 준비용,"상호명, 일자, 합계금액, 수기메모"
R-0020,receipt,data/input_images/receipts/receipt_020_R-0020.jpg,2026-05-10,그린오피스,도서자료,117150,법인카드,,,,,팀 회의 사용,False,False,상호명 그린오피스; 일자 2026-05-10; 합계금액 117150; 수기메모 팀 회의 사용,"상호명, 일자, 합계금액, 수기메모"
R-0040,receipt,data/input_images/receipts/receipt_040_R-0040.jpg,2026-04-24,서울프린트,사무용품,123200,계좌이체,,,,,실습 준비용,False,False,상호명 서울프린트; 일자 2026-04-24; 합계금액 123200; 수기메모 실습 준비용,"상호명, 일자, 합계금액, 수기메모"
R-0037,receipt,data/input_images/receipts/receipt_037_R-0037.jpg,2026-04-03,그린오피스,회의비,94050,현금,,,,,현장 실습비,False,False,상호명 그린오피스; 일자 2026-04-03; 합계금액 94050; 수기메모 현장 실습비,"상호명, 일자, 합계금액, 수기메모"
R-0008,receipt,data/input_images/receipts/receipt_008_R-0008.jpg,2026-04-09,스마트오피스,사무용품,195250,계좌이체,,,,,운영비 처리,False,False,상호명 스마트오피스; 일자 2026-04-09; 합계금액 195250; 수기메모 운영비 처리,"상호명, 일자, 합계금액, 수기메모"
R-0033,receipt,data/input_images/receipts/receipt_033_R-0033.jpg,2026-04-19,테크문구,클라우드서비스,97900,법인카드,,,,,대시보드 검토,False,False,상호명 테크문구; 일자 2026-04-19; 합계금액 97900; 수기메모 대시보드 검토,"상호명, 일자, 합계금액, 수기메모"
R-0102,receipt,data/input_images/receipts/receipt_102_R-0102.jpg,2026-03-01,서울프린트,클라우드서비스,193050,현금,,,,,현장 실습비,False,False,상호명 서울프린트; 일자 2026-03-01; 합계금액 193050; 수기메모 현장 실습비,"상호명, 일자, 합계금액, 수기메모"
S-0118,survey,data/input_images/surveys/survey_118_S-0118.jpg,2026-04-09,,만족도설문,,,영업팀,5,2,3,모바일 화면 개선,False,False,응답일 2026-04-09; 부서 영업팀; 전체만족도 5; 사용편의성 2; 응답속도 3; 추천의향 4; 수기의견 모바일 화면 개선,"응답일, 부서, 전체만족도, 사용편의성, 응답속도, 수기의견"
R-0023,receipt,data/input_images/receipts/receipt_023_R-0023.jpg,2026-04-30,디지털스캔샵,인쇄제본,153450,계좌이체,,,,,실습 준비용,False,True,상호명 디지털스캔샵; 일자 2026-04-30; 합계금액 153450; 수기메모 실습 준비용,"상호명, 일자, 합계금액, 수기메모"
R-0039,receipt,data/input_images/receipts/receipt_039_R-0039.jpg,2026-04-10,데이터랩서점,인쇄제본,161700,법인카드,,,,,교육자료 준비,False,False,상호명 데이터랩서점; 일자 2026-04-10; 합계금액 161700; 수기메모 교육자료 준비,"상호명, 일자, 합계금액, 수기메모"
S-0034,survey,data/input_images/surveys/survey_034_S-0034.jpg,2026-04-29,,만족도설문,,,데이터팀,3,4,4,대시보드가 보기 쉬움,False,False,응답일 2026-04-29; 부서 데이터팀; 전체만족도 3; 사용편의성 4; 응답속도 4; 추천의향 3; 수기의견 대시보드가 보기 쉬움,"응답일, 부서, 전체만족도, 사용편의성, 응답속도, 수기의견"
R-0028,receipt,data/input_images/receipts/receipt_028_R-0028.jpg,2026-05-12,모두카페,회의비,200200,개인카드,,,,,현장 실습비,False,False,상호명 모두카페; 일자 2026-05-12; 합계금액 200200; 수기메모 현장 실습비,"상호명, 일자, 합계금액, 수기메모"
R-0059,receipt,data/input_images/receipts/receipt_059_R-0059.jpg,2026-07-05,업무자동화카페,회의비,94050,법인카드,,,,,OCR 테스트용,False,False,상호명 업무자동화카페; 일자 2026-07-05; 합계금액 94050; 수기메모 OCR 테스트용,"상호명, 일자, 합계금액, 수기메모"
R-0120,receipt,data/input_images/receipts/receipt_120_R-0120.jpg,2026-07-03,데이터랩서점,도서자료,274450,현금,,,,,프로젝트 자료,False,False,상호명 데이터랩서점; 일자 2026-07-03; 합계금액 274450; 수기메모 프로젝트 자료,"상호명, 일자, 합계금액, 수기메모"
S-0098,survey,data/input_images/surveys/survey_098_S-0098.jpg,2026-04-20,,만족도설문,,,운영팀,5,3,2,대시보드가 보기 쉬움,False,False,응답일 2026-04-20; 부서 운영팀; 전체만족도 5; 사용편의성 3; 응답속도 2; 추천의향 4; 수기의견 대시보드가 보기 쉬움,"응답일, 부서, 전체만족도, 사용편의성, 응답속도, 수기의견"
S-0100,survey,data/input_images/surveys/survey_100_S-0100.jpg,2026-03-27,,만족도설문,,,기획팀,3,3,5,보고서 자동화 유용,False,False,응답일 2026-03-27; 부서 기획팀; 전체만족도 3; 사용편의성 3; 응답속도 5; 추천의향 5; 수기의견 보고서 자동화 유용,"응답일, 부서, 전체만족도, 사용편의성, 응답속도, 수기의견"
S-0030,survey,data/input_images/surveys/survey_030_S-0030.jpg,2026-05-19,,만족도설문,,,인사팀,5,2,1,OCR 결과 확인 필요,False,True,응답일 2026-05-19; 부서 인사팀; 전체만족도 5; 사용편의성 2; 응답속도 1; 추천의향 5; 수기의견 OCR 결과 확인 필요,"응답일, 부서, 전체만족도, 사용편의성, 응답속도, 수기의견"
R-0114,receipt,data/input_images/receipts/receipt_114_R-0114.jpg,2026-04-21,업무자동화카페,도서자료,171600,현금,,,,,실습 준비용,False,False,상호명 업무자동화카페; 일자 2026-04-21; 합계금액 171600; 수기메모 실습 준비용,"상호명, 일자, 합계금액, 수기메모"
S-0066,survey,data/input_images/surveys/survey_066_S-0066.jpg,2026-05-29,,만족도설문,,,인사팀,4,3,1,속도 개선 필요,False,False,응답일 2026-05-29; 부서 인사팀; 전체만족도 4; 사용편의성 3; 응답속도 1; 추천의향 4; 수기의견 속도 개선 필요,"응답일, 부서, 전체만족도, 사용편의성, 응답속도, 수기의견"
S-0032,survey,data/input_images/surveys/survey_032_S-0032.jpg,2026-04-03,,만족도설문,,,교육팀,4,3,3,입력 절차가 간단함,False,False,응답일 2026-04-03; 부서 교육팀; 전체만족도 4; 사용편의성 3; 응답속도 3; 추천의향 4; 수기의견 입력 절차가 간단함,"응답일, 부서, 전체만족도, 사용편의성, 응답속도, 수기의견"
S-0022,survey,data/input_images/surveys/survey_022_S-0022.jpg,2026-06-17,,만족도설문,,,운영팀,2,2,4,메뉴 구성이 좋음,True,False,응답일 2026-06-17; 부서 운영팀; 전체만족도 2; 사용편의성 2; 응답속도 4; 추천의향 4; 수기의견 메뉴 구성이 좋음,"응답일, 부서, 전체만족도, 사용편의성, 응답속도, 수기의견"
S-0074,survey,data/input_images/surveys/survey_074_S-0074.jpg,2026-03-26,,만족도설문,,,운영팀,3,4,5,속도 개선 필요,True,False,응답일 2026-03-26; 부서 운영팀; 전체만족도 3; 사용편의성 4; 응답속도 5; 추천의향 5; 수기의견 속도 개선 필요,"응답일, 부서, 전체만족도, 사용편의성, 응답속도, 수기의견"
S-0058,survey,data/input_images/surveys/survey_058_S-0058.jpg,2026-05-25,,만족도설문,,,인사팀,3,5,1,속도 개선 필요,True,False,응답일 2026-05-25; 부서 인사팀; 전체만족도 3; 사용편의성 5; 응답속도 1; 추천의향 4; 수기의견 속도 개선 필요,"응답일, 부서, 전체만족도, 사용편의성, 응답속도, 수기의견"
R-0118,receipt,data/input_images/receipts/receipt_118_R-0118.jpg,2026-05-31,클라우드문구,도서자료,93500,법인카드,,,,,팀 회의 사용,False,True,상호명 클라우드문구; 일자 2026-05-31; 합계금액 93500; 수기메모 팀 회의 사용,"상호명, 일자, 합계금액, 수기메모"
R-0007,receipt,data/input_images/receipts/receipt_007_R-0007.jpg,2026-05-24,데이터랩서점,회의비,119350,현금,,,,,프로젝트 자료,False,False,상호명 데이터랩서점; 일자 2026-05-24; 합계금액 119350; 수기메모 프로젝트 자료,"상호명, 일자, 합계금액, 수기메모"
S-0083,survey,data/input_images/surveys/survey_083_S-0083.jpg,2026-05-27,,만족도설문,,,운영팀,5,3,2,속도 개선 필요,False,False,응답일 2026-05-27; 부서 운영팀; 전체만족도 5; 사용편의성 3; 응답속도 2; 추천의향 4; 수기의견 속도 개선 필요,"응답일, 부서, 전체만족도, 사용편의성, 응답속도, 수기의견"
S-0072,survey,data/input_images/surveys/survey_072_S-0072.jpg,2026-03-13,,만족도설문,,,영업팀,5,4,4,데이터 보정 기능 좋음,False,False,응답일 2026-03-13; 부서 영업팀; 전체만족도 5; 사용편의성 4; 응답속도 4; 추천의향 3; 수기의견 데이터 보정 기능 좋음,"응답일, 부서, 전체만족도, 사용편의성, 응답속도, 수기의견"
R-0006,receipt,data/input_images/receipts/receipt_006_R-0006.jpg,2026-06-27,업무자동화카페,클라우드서비스,127050,법인카드,,,,,교육자료 준비,False,False,상호명 업무자동화카페; 일자 2026-06-27; 합계금액 127050; 수기메모 교육자료 준비,"상호명, 일자, 합계금액, 수기메모"
S-0120,survey,data/input_images/surveys/survey_120_S-0120.jpg,2026-05-19,,만족도설문,,,인사팀,2,3,3,모바일 화면 개선,False,False,응답일 2026-05-19; 부서 인사팀; 전체만족도 2; 사용편의성 3; 응답속도 3; 추천의향 3; 수기의견 모바일 화면 개선,"응답일, 부서, 전체만족도, 사용편의성, 응답속도, 수기의견"
S-0067,survey,data/input_images/surveys/survey_067_S-0067.jpg,2026-07-02,,만족도설문,,,마케팅팀,5,4,5,메뉴 구성이 좋음,True,True,응답일 2026-07-02; 부서 마케팅팀; 전체만족도 5; 사용편의성 4; 응답속도 5; 추천의향 4; 수기의견 메뉴 구성이 좋음,"응답일, 부서, 전체만족도, 사용편의성, 응답속도, 수기의견"
R-0077,receipt,data/input_images/receipts/receipt_077_R-0077.jpg,2026-04-04,업무자동화카페,사무용품,63800,현금,,,,,프로젝트 자료,False,False,상호명 업무자동화카페; 일자 2026-04-04; 합계금액 63800; 수기메모 프로젝트 자료,"상호명, 일자, 합계금액, 수기메모"
R-0021,receipt,data/input_images/receipts/receipt_021_R-0021.jpg,2026-04-04,데이터랩서점,인쇄제본,20350,법인카드,,,,,대시보드 검토,False,False,상호명 데이터랩서점; 일자 2026-04-04; 합계금액 20350; 수기메모 대시보드 검토,"상호명, 일자, 합계금액, 수기메모"
S-0023,survey,data/input_images/surveys/survey_023_S-0023.jpg,2026-05-23,,만족도설문,,,기획팀,3,2,5,보고서 자동화 유용,False,True,응답일 2026-05-23; 부서 기획팀; 전체만족도 3; 사용편의성 2; 응답속도 5; 추천의향 5; 수기의견 보고서 자동화 유용,"응답일, 부서, 전체만족도, 사용편의성, 응답속도, 수기의견"
S-0059,survey,data/input_images/surveys/survey_059_S-0059.jpg,2026-04-19,,만족도설문,,,인사팀,3,4,1,OCR 결과 확인 필요,False,False,응답일 2026-04-19; 부서 인사팀; 전체만족도 3; 사용편의성 4; 응답속도 1; 추천의향 5; 수기의견 OCR 결과 확인 필요,"응답일, 부서, 전체만족도, 사용편의성, 응답속도, 수기의견"
S-0010,survey,data/input_images/surveys/survey_010_S-0010.jpg,2026-03-12,,만족도설문,,,운영팀,5,3,4,속도 개선 필요,False,False,응답일 2026-03-12; 부서 운영팀; 전체만족도 5; 사용편의성 3; 응답속도 4; 추천의향 2; 수기의견 속도 개선 필요,"응답일, 부서, 전체만족도, 사용편의성, 응답속도, 수기의견"
S-0025,survey,data/input_images/surveys/survey_025_S-0025.jpg,2026-06-27,,만족도설문,,,재무팀,2,4,2,차트 설명이 필요함,False,False,응답일 2026-06-27; 부서 재무팀; 전체만족도 2; 사용편의성 4; 응답속도 2; 추천의향 4; 수기의견 차트 설명이 필요함,"응답일, 부서, 전체만족도, 사용편의성, 응답속도, 수기의견"
S-0087,survey,data/input_images/surveys/survey_087_S-0087.jpg,2026-03-29,,만족도설문,,,데이터팀,5,2,2,차트 설명이 필요함,False,False,응답일 2026-03-29; 부서 데이터팀; 전체만족도 5; 사용편의성 2; 응답속도 2; 추천의향 3; 수기의견 차트 설명이 필요함,"응답일, 부서, 전체만족도, 사용편의성, 응답속도, 수기의견"
S-0112,survey,data/input_images/surveys/survey_112_S-0112.jpg,2026-06-28,,만족도설문,,,기획팀,5,2,3,속도 개선 필요,False,False,응답일 2026-06-28; 부서 기획팀; 전체만족도 5; 사용편의성 2; 응답속도 3; 추천의향 4; 수기의견 속도 개선 필요,"응답일, 부서, 전체만족도, 사용편의성, 응답속도, 수기의견"
R-0004,receipt,data/input_images/receipts/receipt_004_R-0004.jpg,2026-06-14,서울프린트,회의비,206250,법인카드,,,,,팀 회의 사용,False,True,상호명 서울프린트; 일자 2026-06-14; 합계금액 206250; 수기메모 팀 회의 사용,"상호명, 일자, 합계금액, 수기메모"
S-0084,survey,data/input_images/surveys/survey_084_S-0084.jpg,2026-03-24,,만족도설문,,,재무팀,4,3,5,데이터 보정 기능 좋음,True,False,응답일 2026-03-24; 부서 재무팀; 전체만족도 4; 사용편의성 3; 응답속도 5; 추천의향 4; 수기의견 데이터 보정 기능 좋음,"응답일, 부서, 전체만족도, 사용편의성, 응답속도, 수기의견"
R-0043,receipt,data/input_images/receipts/receipt_043_R-0043.jpg,2026-04-29,테크문구,클라우드서비스,166650,법인카드,,,,,운영비 처리,True,False,상호명 테크문구; 일자 2026-04-29; 합계금액 166650; 수기메모 운영비 처리,"상호명, 일자, 합계금액, 수기메모"
R-0075,receipt,data/input_images/receipts/receipt_075_R-0075.jpg,2026-05-09,서울프린트,사무용품,112750,법인카드,,,,,팀 회의 사용,False,True,상호명 서울프린트; 일자 2026-05-09; 합계금액 112750; 수기메모 팀 회의 사용,"상호명, 일자, 합계금액, 수기메모"
S-0042,survey,data/input_images/surveys/survey_042_S-0042.jpg,2026-05-10,,만족도설문,,,데이터팀,3,5,4,보고서 자동화 유용,False,False,응답일 2026-05-10; 부서 데이터팀; 전체만족도 3; 사용편의성 5; 응답속도 4; 추천의향 4; 수기의견 보고서 자동화 유용,"응답일, 부서, 전체만족도, 사용편의성, 응답속도, 수기의견"
R-0013,receipt,data/input_images/receipts/receipt_013_R-0013.jpg,2026-05-24,클라우드문구,교육운영,126500,현금,,,,,실습 준비용,False,False,상호명 클라우드문구; 일자 2026-05-24; 합계금액 126500; 수기메모 실습 준비용,"상호명, 일자, 합계금액, 수기메모"
S-0071,survey,data/input_images/surveys/survey_071_S-0071.jpg,2026-07-05,,만족도설문,,,데이터팀,5,2,2,데이터 보정 기능 좋음,True,False,응답일 2026-07-05; 부서 데이터팀; 전체만족도 5; 사용편의성 2; 응답속도 2; 추천의향 2; 수기의견 데이터 보정 기능 좋음,"응답일, 부서, 전체만족도, 사용편의성, 응답속도, 수기의견"
S-0114,survey,data/input_images/surveys/survey_114_S-0114.jpg,2026-03-21,,만족도설문,,,운영팀,4,3,4,속도 개선 필요,False,False,응답일 2026-03-21; 부서 운영팀; 전체만족도 4; 사용편의성 3; 응답속도 4; 추천의향 4; 수기의견 속도 개선 필요,"응답일, 부서, 전체만족도, 사용편의성, 응답속도, 수기의견"
S-0049,survey,data/input_images/surveys/survey_049_S-0049.jpg,2026-06-26,,만족도설문,,,교육팀,5,4,1,차트 설명이 필요함,False,False,응답일 2026-06-26; 부서 교육팀; 전체만족도 5; 사용편의성 4; 응답속도 1; 추천의향 4; 수기의견 차트 설명이 필요함,"응답일, 부서, 전체만족도, 사용편의성, 응답속도, 수기의견"
R-0049,receipt,data/input_images/receipts/receipt_049_R-0049.jpg,2026-03-28,테크문구,클라우드서비스,115500,개인카드,,,,,OCR 테스트용,False,False,상호명 테크문구; 일자 2026-03-28; 합계금액 115500; 수기메모 OCR 테스트용,"상호명, 일자, 합계금액, 수기메모"
S-0076,survey,data/input_images/surveys/survey_076_S-0076.jpg,2026-05-06,,만족도설문,,,인사팀,5,5,3,메뉴 구성이 좋음,False,False,응답일 2026-05-06; 부서 인사팀; 전체만족도 5; 사용편의성 5; 응답속도 3; 추천의향 5; 수기의견 메뉴 구성이 좋음,"응답일, 부서, 전체만족도, 사용편의성, 응답속도, 수기의견"
R-0095,receipt,data/input_images/receipts/receipt_095_R-0095.jpg,2026-03-08,스마트오피스,회의비,125950,현금,,,,,운영비 처리,False,False,상호명 스마트오피스; 일자 2026-03-08; 합계금액 125950; 수기메모 운영비 처리,"상호명, 일자, 합계금액, 수기메모"
R-0016,receipt,data/input_images/receipts/receipt_016_R-0016.jpg,2026-07-05,모두카페,회의비,79750,법인카드,,,,,OCR 테스트용,False,False,상호명 모두카페; 일자 2026-07-05; 합계금액 79750; 수기메모 OCR 테스트용,"상호명, 일자, 합계금액, 수기메모"
S-0006,survey,data/input_images/surveys/survey_006_S-0006.jpg,2026-06-09,,만족도설문,,,인사팀,3,5,5,보고서 자동화 유용,True,False,응답일 2026-06-09; 부서 인사팀; 전체만족도 3; 사용편의성 5; 응답속도 5; 추천의향 3; 수기의견 보고서 자동화 유용,"응답일, 부서, 전체만족도, 사용편의성, 응답속도, 수기의견"
R-0061,receipt,data/input_images/receipts/receipt_061_R-0061.jpg,2026-06-04,데이터랩서점,사무용품,255200,계좌이체,,,,,운영비 처리,False,False,상호명 데이터랩서점; 일자 2026-06-04; 합계금액 255200; 수기메모 운영비 처리,"상호명, 일자, 합계금액, 수기메모"
R-0035,receipt,data/input_images/receipts/receipt_035_R-0035.jpg,2026-04-12,클라우드문구,클라우드서비스,132000,개인카드,,,,,운영비 처리,False,False,상호명 클라우드문구; 일자 2026-04-12; 합계금액 132000; 수기메모 운영비 처리,"상호명, 일자, 합계금액, 수기메모"
S-0085,survey,data/input_images/surveys/survey_085_S-0085.jpg,2026-05-24,,만족도설문,,,재무팀,3,3,1,속도 개선 필요,True,True,응답일 2026-05-24; 부서 재무팀; 전체만족도 3; 사용편의성 3; 응답속도 1; 추천의향 5; 수기의견 속도 개선 필요,"응답일, 부서, 전체만족도, 사용편의성, 응답속도, 수기의견"
R-0084,receipt,data/input_images/receipts/receipt_084_R-0084.jpg,2026-05-26,서울프린트,인쇄제본,134200,법인카드,,,,,팀 회의 사용,False,False,상호명 서울프린트; 일자 2026-05-26; 합계금액 134200; 수기메모 팀 회의 사용,"상호명, 일자, 합계금액, 수기메모"
S-0103,survey,data/input_images/surveys/survey_103_S-0103.jpg,2026-05-31,,만족도설문,,,인사팀,5,5,3,OCR 결과 확인 필요,False,False,응답일 2026-05-31; 부서 인사팀; 전체만족도 5; 사용편의성 5; 응답속도 3; 추천의향 4; 수기의견 OCR 결과 확인 필요,"응답일, 부서, 전체만족도, 사용편의성, 응답속도, 수기의견"
S-0065,survey,data/input_images/surveys/survey_065_S-0065.jpg,2026-06-05,,만족도설문,,,교육팀,2,3,2,차트 설명이 필요함,True,False,응답일 2026-06-05; 부서 교육팀; 전체만족도 2; 사용편의성 3; 응답속도 2; 추천의향 5; 수기의견 차트 설명이 필요함,"응답일, 부서, 전체만족도, 사용편의성, 응답속도, 수기의견"
S-0073,survey,data/input_images/surveys/survey_073_S-0073.jpg,2026-06-08,,만족도설문,,,마케팅팀,4,3,2,대시보드가 보기 쉬움,False,False,응답일 2026-06-08; 부서 마케팅팀; 전체만족도 4; 사용편의성 3; 응답속도 2; 추천의향 3; 수기의견 대시보드가 보기 쉬움,"응답일, 부서, 전체만족도, 사용편의성, 응답속도, 수기의견"
S-0014,survey,data/input_images/surveys/survey_014_S-0014.jpg,2026-04-24,,만족도설문,,,데이터팀,5,2,3,OCR 결과 확인 필요,False,False,응답일 2026-04-24; 부서 데이터팀; 전체만족도 5; 사용편의성 2; 응답속도 3; 추천의향 2; 수기의견 OCR 결과 확인 필요,"응답일, 부서, 전체만족도, 사용편의성, 응답속도, 수기의견"
S-0048,survey,data/input_images/surveys/survey_048_S-0048.jpg,2026-06-26,,만족도설문,,,기획팀,5,5,1,입력 절차가 간단함,False,False,응답일 2026-06-26; 부서 기획팀; 전체만족도 5; 사용편의성 5; 응답속도 1; 추천의향 5; 수기의견 입력 절차가 간단함,"응답일, 부서, 전체만족도, 사용편의성, 응답속도, 수기의견"
R-0085,receipt,data/input_images/receipts/receipt_085_R-0085.jpg,2026-07-01,스마트오피스,클라우드서비스,219450,법인카드,,,,,실습 준비용,False,False,상호명 스마트오피스; 일자 2026-07-01; 합계금액 219450; 수기메모 실습 준비용,"상호명, 일자, 합계금액, 수기메모"
R-0001,receipt,data/input_images/receipts/receipt_001_R-0001.jpg,2026-05-10,모두카페,교육운영,114950,법인카드,,,,,현장 실습비,True,True,상호명 모두카페; 일자 2026-05-10; 합계금액 114950; 수기메모 현장 실습비,"상호명, 일자, 합계금액, 수기메모"
R-0096,receipt,data/input_images/receipts/receipt_096_R-0096.jpg,2026-04-14,테크문구,교육운영,137500,개인카드,,,,,OCR 테스트용,False,False,상호명 테크문구; 일자 2026-04-14; 합계금액 137500; 수기메모 OCR 테스트용,"상호명, 일자, 합계금액, 수기메모"
R-0100,receipt,data/input_images/receipts/receipt_100_R-0100.jpg,2026-04-20,클라우드문구,도서자료,83050,개인카드,,,,,운영비 처리,True,False,상호명 클라우드문구; 일자 2026-04-20; 합계금액 83050; 수기메모 운영비 처리,"상호명, 일자, 합계금액, 수기메모"
S-0077,survey,data/input_images/surveys/survey_077_S-0077.jpg,2026-05-08,,만족도설문,,,운영팀,4,5,1,메뉴 구성이 좋음,False,False,응답일 2026-05-08; 부서 운영팀; 전체만족도 4; 사용편의성 5; 응답속도 1; 추천의향 2; 수기의견 메뉴 구성이 좋음,"응답일, 부서, 전체만족도, 사용편의성, 응답속도, 수기의견"
S-0079,survey,data/input_images/surveys/survey_079_S-0079.jpg,2026-06-28,,만족도설문,,,교육팀,2,3,3,차트 설명이 필요함,False,False,응답일 2026-06-28; 부서 교육팀; 전체만족도 2; 사용편의성 3; 응답속도 3; 추천의향 4; 수기의견 차트 설명이 필요함,"응답일, 부서, 전체만족도, 사용편의성, 응답속도, 수기의견"
R-0047,receipt,data/input_images/receipts/receipt_047_R-0047.jpg,2026-06-03,데이터랩서점,클라우드서비스,73150,현금,,,,,교육자료 준비,True,False,상호명 데이터랩서점; 일자 2026-06-03; 합계금액 73150; 수기메모 교육자료 준비,"상호명, 일자, 합계금액, 수기메모"
R-0009,receipt,data/input_images/receipts/receipt_009_R-0009.jpg,2026-03-04,데이터랩서점,회의비,180950,개인카드,,,,,대시보드 검토,False,False,상호명 데이터랩서점; 일자 2026-03-04; 합계금액 180950; 수기메모 대시보드 검토,"상호명, 일자, 합계금액, 수기메모"
R-0038,receipt,data/input_images/receipts/receipt_038_R-0038.jpg,2026-04-01,데이터랩서점,회의비,123750,법인카드,,,,,프로젝트 자료,False,False,상호명 데이터랩서점; 일자 2026-04-01; 합계금액 123750; 수기메모 프로젝트 자료,"상호명, 일자, 합계금액, 수기메모"
S-0035,survey,data/input_images/surveys/survey_035_S-0035.jpg,2026-05-06,,만족도설문,,,운영팀,2,5,1,차트 설명이 필요함,False,False,응답일 2026-05-06; 부서 운영팀; 전체만족도 2; 사용편의성 5; 응답속도 1; 추천의향 2; 수기의견 차트 설명이 필요함,"응답일, 부서, 전체만족도, 사용편의성, 응답속도, 수기의견"
R-0076,receipt,data/input_images/receipts/receipt_076_R-0076.jpg,2026-04-15,업무자동화카페,회의비,122100,현금,,,,,교육자료 준비,False,False,상호명 업무자동화카페; 일자 2026-04-15; 합계금액 122100; 수기메모 교육자료 준비,"상호명, 일자, 합계금액, 수기메모"
S-0075,survey,data/input_images/surveys/survey_075_S-0075.jpg,2026-05-12,,만족도설문,,,운영팀,5,2,3,대시보드가 보기 쉬움,False,False,응답일 2026-05-12; 부서 운영팀; 전체만족도 5; 사용편의성 2; 응답속도 3; 추천의향 5; 수기의견 대시보드가 보기 쉬움,"응답일, 부서, 전체만족도, 사용편의성, 응답속도, 수기의견"
R-0003,receipt,data/input_images/receipts/receipt_003_R-0003.jpg,2026-04-28,클라우드문구,교육운영,43450,계좌이체,,,,,교육자료 준비,False,False,상호명 클라우드문구; 일자 2026-04-28; 합계금액 43450; 수기메모 교육자료 준비,"상호명, 일자, 합계금액, 수기메모"
S-0026,survey,data/input_images/surveys/survey_026_S-0026.jpg,2026-03-27,,만족도설문,,,재무팀,4,5,1,모바일 화면 개선,False,False,응답일 2026-03-27; 부서 재무팀; 전체만족도 4; 사용편의성 5; 응답속도 1; 추천의향 4; 수기의견 모바일 화면 개선,"응답일, 부서, 전체만족도, 사용편의성, 응답속도, 수기의견"
R-0074,receipt,data/input_images/receipts/receipt_074_R-0074.jpg,2026-04-02,테크문구,회의비,150150,현금,,,,,현장 실습비,True,False,상호명 테크문구; 일자 2026-04-02; 합계금액 150150; 수기메모 현장 실습비,"상호명, 일자, 합계금액, 수기메모"
R-0067,receipt,data/input_images/receipts/receipt_067_R-0067.jpg,2026-05-02,서울프린트,인쇄제본,145200,법인카드,,,,,대시보드 검토,False,False,상호명 서울프린트; 일자 2026-05-02; 합계금액 145200; 수기메모 대시보드 검토,"상호명, 일자, 합계금액, 수기메모"
R-0018,receipt,data/input_images/receipts/receipt_018_R-0018.jpg,2026-04-25,스마트오피스,클라우드서비스,183700,법인카드,,,,,현장 실습비,True,False,상호명 스마트오피스; 일자 2026-04-25; 합계금액 183700; 수기메모 현장 실습비,"상호명, 일자, 합계금액, 수기메모"
S-0081,survey,data/input_images/surveys/survey_081_S-0081.jpg,2026-06-26,,만족도설문,,,재무팀,4,3,4,속도 개선 필요,True,False,응답일 2026-06-26; 부서 재무팀; 전체만족도 4; 사용편의성 3; 응답속도 4; 추천의향 5; 수기의견 속도 개선 필요,"응답일, 부서, 전체만족도, 사용편의성, 응답속도, 수기의견"
S-0061,survey,data/input_images/surveys/survey_061_S-0061.jpg,2026-04-07,,만족도설문,,,마케팅팀,5,5,4,속도 개선 필요,False,False,응답일 2026-04-07; 부서 마케팅팀; 전체만족도 5; 사용편의성 5; 응답속도 4; 추천의향 2; 수기의견 속도 개선 필요,"응답일, 부서, 전체만족도, 사용편의성, 응답속도, 수기의견"
R-0046,receipt,data/input_images/receipts/receipt_046_R-0046.jpg,2026-05-13,디지털스캔샵,사무용품,162250,법인카드,,,,,OCR 테스트용,False,False,상호명 디지털스캔샵; 일자 2026-05-13; 합계금액 162250; 수기메모 OCR 테스트용,"상호명, 일자, 합계금액, 수기메모"
R-0030,receipt,data/input_images/receipts/receipt_030_R-0030.jpg,2026-06-25,디지털스캔샵,사무용품,194700,개인카드,,,,,대시보드 검토,False,False,상호명 디지털스캔샵; 일자 2026-06-25; 합계금액 194700; 수기메모 대시보드 검토,"상호명, 일자, 합계금액, 수기메모"
S-0093,survey,data/input_images/surveys/survey_093_S-0093.jpg,2026-04-29,,만족도설문,,,재무팀,3,2,3,이미지 업로드 편리,False,False,응답일 2026-04-29; 부서 재무팀; 전체만족도 3; 사용편의성 2; 응답속도 3; 추천의향 5; 수기의견 이미지 업로드 편리,"응답일, 부서, 전체만족도, 사용편의성, 응답속도, 수기의견"
S-0016,survey,data/input_images/surveys/survey_016_S-0016.jpg,2026-04-07,,만족도설문,,,데이터팀,2,3,5,입력 절차가 간단함,False,False,응답일 2026-04-07; 부서 데이터팀; 전체만족도 2; 사용편의성 3; 응답속도 5; 추천의향 3; 수기의견 입력 절차가 간단함,"응답일, 부서, 전체만족도, 사용편의성, 응답속도, 수기의견"
S-0005,survey,data/input_images/surveys/survey_005_S-0005.jpg,2026-05-19,,만족도설문,,,운영팀,3,5,5,속도 개선 필요,False,False,응답일 2026-05-19; 부서 운영팀; 전체만족도 3; 사용편의성 5; 응답속도 5; 추천의향 4; 수기의견 속도 개선 필요,"응답일, 부서, 전체만족도, 사용편의성, 응답속도, 수기의견"
R-0012,receipt,data/input_images/receipts/receipt_012_R-0012.jpg,2026-03-17,디지털스캔샵,도서자료,147950,계좌이체,,,,,운영비 처리,False,False,상호명 디지털스캔샵; 일자 2026-03-17; 합계금액 147950; 수기메모 운영비 처리,"상호명, 일자, 합계금액, 수기메모"
S-0051,survey,data/input_images/surveys/survey_051_S-0051.jpg,2026-06-01,,만족도설문,,,교육팀,5,4,1,이미지 업로드 편리,False,True,응답일 2026-06-01; 부서 교육팀; 전체만족도 5; 사용편의성 4; 응답속도 1; 추천의향 5; 수기의견 이미지 업로드 편리,"응답일, 부서, 전체만족도, 사용편의성, 응답속도, 수기의견"
S-0003,survey,data/input_images/surveys/survey_003_S-0003.jpg,2026-03-20,,만족도설문,,,마케팅팀,5,2,4,모바일 화면 개선,False,False,응답일 2026-03-20; 부서 마케팅팀; 전체만족도 5; 사용편의성 2; 응답속도 4; 추천의향 5; 수기의견 모바일 화면 개선,"응답일, 부서, 전체만족도, 사용편의성, 응답속도, 수기의견"
R-0019,receipt,data/input_images/receipts/receipt_019_R-0019.jpg,2026-05-15,테크문구,회의비,38500,개인카드,,,,,팀 회의 사용,False,False,상호명 테크문구; 일자 2026-05-15; 합계금액 38500; 수기메모 팀 회의 사용,"상호명, 일자, 합계금액, 수기메모"
S-0028,survey,data/input_images/surveys/survey_028_S-0028.jpg,2026-05-21,,만족도설문,,,기획팀,3,2,2,입력 절차가 간단함,False,False,응답일 2026-05-21; 부서 기획팀; 전체만족도 3; 사용편의성 2; 응답속도 2; 추천의향 5; 수기의견 입력 절차가 간단함,"응답일, 부서, 전체만족도, 사용편의성, 응답속도, 수기의견"
R-0025,receipt,data/input_images/receipts/receipt_025_R-0025.jpg,2026-05-03,AI세미나센터,교육운영,207350,현금,,,,,프로젝트 자료,False,False,상호명 AI세미나센터; 일자 2026-05-03; 합계금액 207350; 수기메모 프로젝트 자료,"상호명, 일자, 합계금액, 수기메모"
S-0069,survey,data/input_images/surveys/survey_069_S-0069.jpg,2026-05-26,,만족도설문,,,교육팀,4,4,2,메뉴 구성이 좋음,True,False,응답일 2026-05-26; 부서 교육팀; 전체만족도 4; 사용편의성 4; 응답속도 2; 추천의향 4; 수기의견 메뉴 구성이 좋음,"응답일, 부서, 전체만족도, 사용편의성, 응답속도, 수기의견"
S-0063,survey,data/input_images/surveys/survey_063_S-0063.jpg,2026-04-10,,만족도설문,,,운영팀,5,4,4,차트 설명이 필요함,True,True,응답일 2026-04-10; 부서 운영팀; 전체만족도 5; 사용편의성 4; 응답속도 4; 추천의향 2; 수기의견 차트 설명이 필요함,"응답일, 부서, 전체만족도, 사용편의성, 응답속도, 수기의견"
S-0101,survey,data/input_images/surveys/survey_101_S-0101.jpg,2026-05-28,,만족도설문,,,재무팀,5,2,5,이미지 업로드 편리,True,False,응답일 2026-05-28; 부서 재무팀; 전체만족도 5; 사용편의성 2; 응답속도 5; 추천의향 3; 수기의견 이미지 업로드 편리,"응답일, 부서, 전체만족도, 사용편의성, 응답속도, 수기의견"
R-0104,receipt,data/input_images/receipts/receipt_104_R-0104.jpg,2026-04-16,스마트오피스,사무용품,271700,계좌이체,,,,,교육자료 준비,False,False,상호명 스마트오피스; 일자 2026-04-16; 합계금액 271700; 수기메모 교육자료 준비,"상호명, 일자, 합계금액, 수기메모"
S-0091,survey,data/input_images/surveys/survey_091_S-0091.jpg,2026-06-11,,만족도설문,,,마케팅팀,5,2,4,보고서 자동화 유용,False,False,응답일 2026-06-11; 부서 마케팅팀; 전체만족도 5; 사용편의성 2; 응답속도 4; 추천의향 3; 수기의견 보고서 자동화 유용,"응답일, 부서, 전체만족도, 사용편의성, 응답속도, 수기의견"
R-0116,receipt,data/input_images/receipts/receipt_116_R-0116.jpg,2026-03-02,디지털스캔샵,클라우드서비스,174350,계좌이체,,,,,교육자료 준비,True,False,상호명 디지털스캔샵; 일자 2026-03-02; 합계금액 174350; 수기메모 교육자료 준비,"상호명, 일자, 합계금액, 수기메모"
R-0088,receipt,data/input_images/receipts/receipt_088_R-0088.jpg,2026-05-28,테크문구,교육운영,183150,개인카드,,,,,교육자료 준비,False,False,상호명 테크문구; 일자 2026-05-28; 합계금액 183150; 수기메모 교육자료 준비,"상호명, 일자, 합계금액, 수기메모"
S-0041,survey,data/input_images/surveys/survey_041_S-0041.jpg,2026-03-22,,만족도설문,,,기획팀,5,3,1,메뉴 구성이 좋음,False,False,응답일 2026-03-22; 부서 기획팀; 전체만족도 5; 사용편의성 3; 응답속도 1; 추천의향 4; 수기의견 메뉴 구성이 좋음,"응답일, 부서, 전체만족도, 사용편의성, 응답속도, 수기의견"
R-0071,receipt,data/input_images/receipts/receipt_071_R-0071.jpg,2026-06-24,테크문구,클라우드서비스,211200,법인카드,,,,,팀 회의 사용,False,True,상호명 테크문구; 일자 2026-06-24; 합계금액 211200; 수기메모 팀 회의 사용,"상호명, 일자, 합계금액, 수기메모"
R-0022,receipt,data/input_images/receipts/receipt_022_R-0022.jpg,2026-05-18,AI세미나센터,도서자료,161150,계좌이체,,,,,운영비 처리,False,False,상호명 AI세미나센터; 일자 2026-05-18; 합계금액 161150; 수기메모 운영비 처리,"상호명, 일자, 합계금액, 수기메모"
S-0017,survey,data/input_images/surveys/survey_017_S-0017.jpg,2026-03-06,,만족도설문,,,기획팀,3,2,5,차트 설명이 필요함,True,False,응답일 2026-03-06; 부서 기획팀; 전체만족도 3; 사용편의성 2; 응답속도 5; 추천의향 3; 수기의견 차트 설명이 필요함,"응답일, 부서, 전체만족도, 사용편의성, 응답속도, 수기의견"
R-0050,receipt,data/input_images/receipts/receipt_050_R-0050.jpg,2026-03-29,데이터랩서점,회의비,189750,개인카드,,,,,대시보드 검토,False,False,상호명 데이터랩서점; 일자 2026-03-29; 합계금액 189750; 수기메모 대시보드 검토,"상호명, 일자, 합계금액, 수기메모"
S-0004,survey,data/input_images/surveys/survey_004_S-0004.jpg,2026-06-07,,만족도설문,,,영업팀,3,5,4,데이터 보정 기능 좋음,False,False,응답일 2026-06-07; 부서 영업팀; 전체만족도 3; 사용편의성 5; 응답속도 4; 추천의향 5; 수기의견 데이터 보정 기능 좋음,"응답일, 부서, 전체만족도, 사용편의성, 응답속도, 수기의견"
S-0116,survey,data/input_images/surveys/survey_116_S-0116.jpg,2026-06-16,,만족도설문,,,운영팀,2,4,1,OCR 결과 확인 필요,True,True,응답일 2026-06-16; 부서 운영팀; 전체만족도 2; 사용편의성 4; 응답속도 1; 추천의향 2; 수기의견 OCR 결과 확인 필요,"응답일, 부서, 전체만족도, 사용편의성, 응답속도, 수기의견"
R-0042,receipt,data/input_images/receipts/receipt_042_R-0042.jpg,2026-06-13,테크문구,교육운영,168850,법인카드,,,,,교육자료 준비,False,False,상호명 테크문구; 일자 2026-06-13; 합계금액 168850; 수기메모 교육자료 준비,"상호명, 일자, 합계금액, 수기메모"
S-0119,survey,data/input_images/surveys/survey_119_S-0119.jpg,2026-07-09,,만족도설문,,,마케팅팀,2,5,2,대시보드가 보기 쉬움,False,False,응답일 2026-07-09; 부서 마케팅팀; 전체만족도 2; 사용편의성 5; 응답속도 2; 추천의향 3; 수기의견 대시보드가 보기 쉬움,"응답일, 부서, 전체만족도, 사용편의성, 응답속도, 수기의견"
R-0091,receipt,data/input_images/receipts/receipt_091_R-0091.jpg,2026-05-17,서울프린트,도서자료,121000,법인카드,,,,,교육자료 준비,False,True,상호명 서울프린트; 일자 2026-05-17; 합계금액 121000; 수기메모 교육자료 준비,"상호명, 일자, 합계금액, 수기메모"
R-0108,receipt,data/input_images/receipts/receipt_108_R-0108.jpg,2026-06-09,디지털스캔샵,클라우드서비스,253000,현금,,,,,실습 준비용,True,False,상호명 디지털스캔샵; 일자 2026-06-09; 합계금액 253000; 수기메모 실습 준비용,"상호명, 일자, 합계금액, 수기메모"
S-0094,survey,data/input_images/surveys/survey_094_S-0094.jpg,2026-07-02,,만족도설문,,,운영팀,4,5,4,대시보드가 보기 쉬움,False,False,응답일 2026-07-02; 부서 운영팀; 전체만족도 4; 사용편의성 5; 응답속도 4; 추천의향 5; 수기의견 대시보드가 보기 쉬움,"응답일, 부서, 전체만족도, 사용편의성, 응답속도, 수기의견"
S-0012,survey,data/input_images/surveys/survey_012_S-0012.jpg,2026-05-12,,만족도설문,,,재무팀,2,2,1,이미지 업로드 편리,False,False,응답일 2026-05-12; 부서 재무팀; 전체만족도 2; 사용편의성 2; 응답속도 1; 추천의향 3; 수기의견 이미지 업로드 편리,"응답일, 부서, 전체만족도, 사용편의성, 응답속도, 수기의견"
R-0045,receipt,data/input_images/receipts/receipt_045_R-0045.jpg,2026-05-30,모두카페,회의비,229900,개인카드,,,,,교육자료 준비,False,True,상호명 모두카페; 일자 2026-05-30; 합계금액 229900; 수기메모 교육자료 준비,"상호명, 일자, 합계금액, 수기메모"
S-0018,survey,data/input_images/surveys/survey_018_S-0018.jpg,2026-07-07,,만족도설문,,,인사팀,4,5,5,차트 설명이 필요함,False,False,응답일 2026-07-07; 부서 인사팀; 전체만족도 4; 사용편의성 5; 응답속도 5; 추천의향 4; 수기의견 차트 설명이 필요함,"응답일, 부서, 전체만족도, 사용편의성, 응답속도, 수기의견"
S-0043,survey,data/input_images/surveys/survey_043_S-0043.jpg,2026-03-20,,만족도설문,,,교육팀,2,4,3,이미지 업로드 편리,True,False,응답일 2026-03-20; 부서 교육팀; 전체만족도 2; 사용편의성 4; 응답속도 3; 추천의향 4; 수기의견 이미지 업로드 편리,"응답일, 부서, 전체만족도, 사용편의성, 응답속도, 수기의견"
R-0089,receipt,data/input_images/receipts/receipt_089_R-0089.jpg,2026-03-02,그린오피스,사무용품,228800,법인카드,,,,,실습 준비용,False,False,상호명 그린오피스; 일자 2026-03-02; 합계금액 228800; 수기메모 실습 준비용,"상호명, 일자, 합계금액, 수기메모"
S-0054,survey,data/input_images/surveys/survey_054_S-0054.jpg,2026-04-30,,만족도설문,,,마케팅팀,2,3,2,데이터 보정 기능 좋음,False,False,응답일 2026-04-30; 부서 마케팅팀; 전체만족도 2; 사용편의성 3; 응답속도 2; 추천의향 2; 수기의견 데이터 보정 기능 좋음,"응답일, 부서, 전체만족도, 사용편의성, 응답속도, 수기의견"
S-0089,survey,data/input_images/surveys/survey_089_S-0089.jpg,2026-04-02,,만족도설문,,,데이터팀,3,4,2,보고서 자동화 유용,True,False,응답일 2026-04-02; 부서 데이터팀; 전체만족도 3; 사용편의성 4; 응답속도 2; 추천의향 5; 수기의견 보고서 자동화 유용,"응답일, 부서, 전체만족도, 사용편의성, 응답속도, 수기의견"
S-0107,survey,data/input_images/surveys/survey_107_S-0107.jpg,2026-07-06,,만족도설문,,,데이터팀,3,4,5,메뉴 구성이 좋음,False,True,응답일 2026-07-06; 부서 데이터팀; 전체만족도 3; 사용편의성 4; 응답속도 5; 추천의향 4; 수기의견 메뉴 구성이 좋음,"응답일, 부서, 전체만족도, 사용편의성, 응답속도, 수기의견"
S-0009,survey,data/input_images/surveys/survey_009_S-0009.jpg,2026-03-07,,만족도설문,,,기획팀,5,3,3,입력 절차가 간단함,False,False,응답일 2026-03-07; 부서 기획팀; 전체만족도 5; 사용편의성 3; 응답속도 3; 추천의향 5; 수기의견 입력 절차가 간단함,"응답일, 부서, 전체만족도, 사용편의성, 응답속도, 수기의견"
S-0008,survey,data/input_images/surveys/survey_008_S-0008.jpg,2026-04-03,,만족도설문,,,재무팀,3,5,5,입력 절차가 간단함,False,False,응답일 2026-04-03; 부서 재무팀; 전체만족도 3; 사용편의성 5; 응답속도 5; 추천의향 4; 수기의견 입력 절차가 간단함,"응답일, 부서, 전체만족도, 사용편의성, 응답속도, 수기의견"
S-0078,survey,data/input_images/surveys/survey_078_S-0078.jpg,2026-04-30,,만족도설문,,,영업팀,4,2,5,이미지 업로드 편리,False,True,응답일 2026-04-30; 부서 영업팀; 전체만족도 4; 사용편의성 2; 응답속도 5; 추천의향 2; 수기의견 이미지 업로드 편리,"응답일, 부서, 전체만족도, 사용편의성, 응답속도, 수기의견"
R-0068,receipt,data/input_images/receipts/receipt_068_R-0068.jpg,2026-06-19,그린오피스,클라우드서비스,223300,법인카드,,,,,프로젝트 자료,False,False,상호명 그린오피스; 일자 2026-06-19; 합계금액 223300; 수기메모 프로젝트 자료,"상호명, 일자, 합계금액, 수기메모"
R-0064,receipt,data/input_images/receipts/receipt_064_R-0064.jpg,2026-05-31,서울프린트,클라우드서비스,125950,법인카드,,,,,프로젝트 자료,False,False,상호명 서울프린트; 일자 2026-05-31; 합계금액 125950; 수기메모 프로젝트 자료,"상호명, 일자, 합계금액, 수기메모"
R-0099,receipt,data/input_images/receipts/receipt_099_R-0099.jpg,2026-04-06,스마트오피스,교육운영,77550,계좌이체,,,,,운영비 처리,False,False,상호명 스마트오피스; 일자 2026-04-06; 합계금액 77550; 수기메모 운영비 처리,"상호명, 일자, 합계금액, 수기메모"
R-0094,receipt,data/input_images/receipts/receipt_094_R-0094.jpg,2026-06-12,디지털스캔샵,도서자료,209000,현금,,,,,OCR 테스트용,False,True,상호명 디지털스캔샵; 일자 2026-06-12; 합계금액 209000; 수기메모 OCR 테스트용,"상호명, 일자, 합계금액, 수기메모"
S-0031,survey,data/input_images/surveys/survey_031_S-0031.jpg,2026-03-06,,만족도설문,,,데이터팀,2,4,2,모바일 화면 개선,False,False,응답일 2026-03-06; 부서 데이터팀; 전체만족도 2; 사용편의성 4; 응답속도 2; 추천의향 5; 수기의견 모바일 화면 개선,"응답일, 부서, 전체만족도, 사용편의성, 응답속도, 수기의견"
S-0068,survey,data/input_images/surveys/survey_068_S-0068.jpg,2026-03-09,,만족도설문,,,운영팀,5,3,5,메뉴 구성이 좋음,False,False,응답일 2026-03-09; 부서 운영팀; 전체만족도 5; 사용편의성 3; 응답속도 5; 추천의향 2; 수기의견 메뉴 구성이 좋음,"응답일, 부서, 전체만족도, 사용편의성, 응답속도, 수기의견"
S-0088,survey,data/input_images/surveys/survey_088_S-0088.jpg,2026-03-14,,만족도설문,,,기획팀,4,2,3,보고서 자동화 유용,True,False,응답일 2026-03-14; 부서 기획팀; 전체만족도 4; 사용편의성 2; 응답속도 3; 추천의향 5; 수기의견 보고서 자동화 유용,"응답일, 부서, 전체만족도, 사용편의성, 응답속도, 수기의견"
S-0046,survey,data/input_images/surveys/survey_046_S-0046.jpg,2026-06-29,,만족도설문,,,인사팀,4,5,4,차트 설명이 필요함,False,False,응답일 2026-06-29; 부서 인사팀; 전체만족도 4; 사용편의성 5; 응답속도 4; 추천의향 2; 수기의견 차트 설명이 필요함,"응답일, 부서, 전체만족도, 사용편의성, 응답속도, 수기의견"
S-0047,survey,data/input_images/surveys/survey_047_S-0047.jpg,2026-03-10,,만족도설문,,,데이터팀,4,2,1,모바일 화면 개선,False,False,응답일 2026-03-10; 부서 데이터팀; 전체만족도 4; 사용편의성 2; 응답속도 1; 추천의향 2; 수기의견 모바일 화면 개선,"응답일, 부서, 전체만족도, 사용편의성, 응답속도, 수기의견"
S-0011,survey,data/input_images/surveys/survey_011_S-0011.jpg,2026-07-01,,만족도설문,,,교육팀,2,4,5,OCR 결과 확인 필요,False,False,응답일 2026-07-01; 부서 교육팀; 전체만족도 2; 사용편의성 4; 응답속도 5; 추천의향 2; 수기의견 OCR 결과 확인 필요,"응답일, 부서, 전체만족도, 사용편의성, 응답속도, 수기의견"
S-0105,survey,data/input_images/surveys/survey_105_S-0105.jpg,2026-04-08,,만족도설문,,,영업팀,4,4,4,보고서 자동화 유용,False,False,응답일 2026-04-08; 부서 영업팀; 전체만족도 4; 사용편의성 4; 응답속도 4; 추천의향 4; 수기의견 보고서 자동화 유용,"응답일, 부서, 전체만족도, 사용편의성, 응답속도, 수기의견"
S-0007,survey,data/input_images/surveys/survey_007_S-0007.jpg,2026-03-31,,만족도설문,,,인사팀,2,5,5,속도 개선 필요,True,False,응답일 2026-03-31; 부서 인사팀; 전체만족도 2; 사용편의성 5; 응답속도 5; 추천의향 5; 수기의견 속도 개선 필요,"응답일, 부서, 전체만족도, 사용편의성, 응답속도, 수기의견"
R-0081,receipt,data/input_images/receipts/receipt_081_R-0081.jpg,2026-07-09,모두카페,회의비,347050,계좌이체,,,,,운영비 처리,True,False,상호명 모두카페; 일자 2026-07-09; 합계금액 347050; 수기메모 운영비 처리,"상호명, 일자, 합계금액, 수기메모"
R-0109,receipt,data/input_images/receipts/receipt_109_R-0109.jpg,2026-03-16,스마트오피스,사무용품,178200,법인카드,,,,,실습 준비용,True,False,상호명 스마트오피스; 일자 2026-03-16; 합계금액 178200; 수기메모 실습 준비용,"상호명, 일자, 합계금액, 수기메모"
R-0103,receipt,data/input_images/receipts/receipt_103_R-0103.jpg,2026-04-29,서울프린트,교육운영,165000,현금,,,,,현장 실습비,False,True,상호명 서울프린트; 일자 2026-04-29; 합계금액 165000; 수기메모 현장 실습비,"상호명, 일자, 합계금액, 수기메모"
R-0073,receipt,data/input_images/receipts/receipt_073_R-0073.jpg,2026-04-10,테크문구,교육운영,61600,개인카드,,,,,프로젝트 자료,False,False,상호명 테크문구; 일자 2026-04-10; 합계금액 61600; 수기메모 프로젝트 자료,"상호명, 일자, 합계금액, 수기메모"
R-0060,receipt,data/input_images/receipts/receipt_060_R-0060.jpg,2026-06-30,테크문구,교육운영,147950,현금,,,,,OCR 테스트용,False,False,상호명 테크문구; 일자 2026-06-30; 합계금액 147950; 수기메모 OCR 테스트용,"상호명, 일자, 합계금액, 수기메모"
S-0113,survey,data/input_images/surveys/survey_113_S-0113.jpg,2026-05-26,,만족도설문,,,재무팀,4,2,2,입력 절차가 간단함,False,True,응답일 2026-05-26; 부서 재무팀; 전체만족도 4; 사용편의성 2; 응답속도 2; 추천의향 4; 수기의견 입력 절차가 간단함,"응답일, 부서, 전체만족도, 사용편의성, 응답속도, 수기의견"
